verb,global quantity,quantity unit,thing,time unit,source,note,relative probability,per capita,per lifetime,per year,per month,per week,per day,per hour,per minute,per second
consumes,1.56E+11,pounds,grapes,per year,[The 2019 Statistical Report on Vitiviniculture](http://oiv.int/public/medias/6782/oiv-2019-statistical-report-on-world-vitiviniculture.pdf),Assumes no wastage or net storage,1,,"1,442",20,1.7,0.38,0.054,0.0023,0.000038,0.00000063
drinks,8.87E+10,pounds,wine grapes,per year,[The 2019 Statistical Report on Vitiviniculture](http://oiv.int/public/medias/6782/oiv-2019-statistical-report-on-world-vitiviniculture.pdf),Assumes no wastage or net storage,1,,822,11,0.94,0.22,0.031,0.0013,0.000022,0.00000036
eats,5.60E+10,pounds,table grapes,per year,[The 2019 Statistical Report on Vitiviniculture](http://oiv.int/public/medias/6782/oiv-2019-statistical-report-on-world-vitiviniculture.pdf),Assumes no wastage or net storage,1,,519,7.1,0.60,0.14,0.020,0.00082,0.000014,0.00000023
eats,1.09E+10,pounds,dried grapes,per year,[The 2019 Statistical Report on Vitiviniculture](http://oiv.int/public/medias/6782/oiv-2019-statistical-report-on-world-vitiviniculture.pdf),Assumes no wastage or net storage,1,,101,1.4,0.12,0.027,0.0038,0.00016,0.0000026,0.000000044
owns,7.40E+10,square meters,vineyards,per year,[The 2019 Statistical Report on Vitiviniculture](http://oiv.int/public/medias/6782/oiv-2019-statistical-report-on-world-vitiviniculture.pdf),Assumes no wastage or net storage,1,,686,9.4,0.79,0.18,0.026,0.0011,0.000018,0.00000030
produces,8.78E+13,dollar's worth,stuff,per year,[The World Bank](https://data.worldbank.org/indicator/NY.GDP.MKTP.CD),2019.,1,,"813,461","11,205",934,215,31,1.3,0.021,0.00036
produces,1.36E+14,international dollar's worth,stuff,per year,[The World Bank](https://data.worldbank.org/indicator/NY.GDP.MKTP.PP.CD),"2019. International dollars are US dollars adjusted for purchasing power parity (i.e., reflecting that a US dollar buys you more in Cambodia than the US).",1,,"1,256,788","17,311","1,443",332,47,2.0,0.033,0.00055
lives for,5.69E+11,,years,,[United Nations](https://ourworldindata.org/grapher/life-expectancy?tab=chart&time=1770..2019&country=~OWID_WRL&region=World),Life expectancy at birth in 2019.,1,73,,,,,,,,
owns,1.87E+11,grams,gold,,[USGS](https://www.usgs.gov/faqs/how-much-gold-has-been-found-world?qt-news_science_products=0#qt-news_science_products),,1,24,,,,,,,,
owns,9.69E+09,milliliters,gold,,[USGS](https://www.usgs.gov/faqs/how-much-gold-has-been-found-world?qt-news_science_products=0#qt-news_science_products),,1,1.2,,,,,,,,
has,5.10E+14,square meters,Earth's surface,,[United Nations Food and Agriculture Organization](https://ourworldindata.org/land-use),,1,"65,084",,,,,,,,
has,3.61E+14,square meters,ocean,,[United Nations Food and Agriculture Organization](https://ourworldindata.org/land-use),,1,"46,069",,,,,,,,
has,1.49E+14,square meters,land,,[United Nations Food and Agriculture Organization](https://ourworldindata.org/land-use),,1,"19,015",,,,,,,,
has,1.04E+14,square meters,habitable land,,[United Nations Food and Agriculture Organization](https://ourworldindata.org/land-use),,1,"13,272",,,,,,,,
has,4.30E+13,square meters,uninhabitable land,,[United Nations Food and Agriculture Organization](https://ourworldindata.org/land-use),,,"5,487",,,,,,,,
has,2.80E+13,square meters,barren land,,[United Nations Food and Agriculture Organization](https://ourworldindata.org/land-use),"Excludes glaciers, but includes deserts, salt flats, rocks, beaches, and dunes.",1,"3,573",,,,,,,,
has,1.50E+13,square meters,glaciers,,[United Nations Food and Agriculture Organization](https://ourworldindata.org/land-use),,1,"1,914",,,,,,,,
has,5.10E+13,square meters,agricultural land,,[United Nations Food and Agriculture Organization](https://ourworldindata.org/land-use),,1,"6,508",,,,,,,,
has,3.90E+13,square meters,forested land,,[United Nations Food and Agriculture Organization](https://ourworldindata.org/land-use),,1,"4,977",,,,,,,,
has,1.20E+13,square meters,shrub land,,[United Nations Food and Agriculture Organization](https://ourworldindata.org/land-use),,1,"1,531",,,,,,,,
has,1.50E+12,square meters,urban and built-up land,,[United Nations Food and Agriculture Organization](https://ourworldindata.org/land-use),,1,191,,,,,,,,
has,1.50E+12,square meters,freshwater,,[United Nations Food and Agriculture Organization](https://ourworldindata.org/land-use),,1,191,,,,,,,,
has,4.00E+13,square meters,livestock land,,[United Nations Food and Agriculture Organization](https://ourworldindata.org/land-use),Includes cropland used to feed livestock.,1,"5,105",,,,,,,,
has,1.10E+13,square meters,cropland,,[United Nations Food and Agriculture Organization](https://ourworldindata.org/land-use),Excludes cropland used to feed livestock.,1,"1,404",,,,,,,,
farms,7.24E+12,square meters,"cereals, total cropland",,[United Nations Food and Agriculture Organization (2019)](http://www.fao.org/faostat/en/#data/QC),,1,924,,,,,,,,
farms,3.25E+12,square meters,"oilcrops, oil equivalent cropland",,[United Nations Food and Agriculture Organization (2019)](http://www.fao.org/faostat/en/#data/QC),,1,415,,,,,,,,
farms,3.24E+12,square meters,oilcrops cropland,,[United Nations Food and Agriculture Organization (2019)](http://www.fao.org/faostat/en/#data/QC),,1,414,,,,,,,,
farms,3.12E+12,square meters,"oilcrops, cake equivalent cropland",,[United Nations Food and Agriculture Organization (2019)](http://www.fao.org/faostat/en/#data/QC),,1,398,,,,,,,,
farms,2.16E+12,square meters,wheat cropland,,[United Nations Food and Agriculture Organization (2019)](http://www.fao.org/faostat/en/#data/QC),,1,276,,,,,,,,
farms,1.97E+12,square meters,maize cropland,,[United Nations Food and Agriculture Organization (2019)](http://www.fao.org/faostat/en/#data/QC),,1,252,,,,,,,,
farms,1.62E+12,square meters,"rice, paddy cropland",,[United Nations Food and Agriculture Organization (2019)](http://www.fao.org/faostat/en/#data/QC),,1,207,,,,,,,,
farms,1.21E+12,square meters,soybeans cropland,,[United Nations Food and Agriculture Organization (2019)](http://www.fao.org/faostat/en/#data/QC),,1,154,,,,,,,,
farms,8.91E+11,square meters,"pulses, total cropland",,[United Nations Food and Agriculture Organization (2019)](http://www.fao.org/faostat/en/#data/QC),,1,114,,,,,,,,
farms,6.53E+11,square meters,fruit primary cropland,,[United Nations Food and Agriculture Organization (2019)](http://www.fao.org/faostat/en/#data/QC),,1,83,,,,,,,,
farms,6.43E+11,square meters,"roots and tubers, total cropland",,[United Nations Food and Agriculture Organization (2019)](http://www.fao.org/faostat/en/#data/QC),,1,82,,,,,,,,
farms,5.97E+11,square meters,vegetables primary cropland,,[United Nations Food and Agriculture Organization (2019)](http://www.fao.org/faostat/en/#data/QC),,1,76,,,,,,,,
farms,5.11E+11,square meters,barley cropland,,[United Nations Food and Agriculture Organization (2019)](http://www.fao.org/faostat/en/#data/QC),,1,65,,,,,,,,
farms,4.17E+11,square meters,fibre crops primary cropland,,[United Nations Food and Agriculture Organization (2019)](http://www.fao.org/faostat/en/#data/QC),,1,53,,,,,,,,
farms,4.01E+11,square meters,sorghum cropland,,[United Nations Food and Agriculture Organization (2019)](http://www.fao.org/faostat/en/#data/QC),,1,51,,,,,,,,
farms,3.86E+11,square meters,seed cotton cropland,,[United Nations Food and Agriculture Organization (2019)](http://www.fao.org/faostat/en/#data/QC),,1,49,,,,,,,,
farms,3.40E+11,square meters,rapeseed cropland,,[United Nations Food and Agriculture Organization (2019)](http://www.fao.org/faostat/en/#data/QC),,1,43,,,,,,,,
farms,3.31E+11,square meters,"beans, dry cropland",,[United Nations Food and Agriculture Organization (2019)](http://www.fao.org/faostat/en/#data/QC),,1,42,,,,,,,,
farms,3.17E+11,square meters,millet cropland,,[United Nations Food and Agriculture Organization (2019)](http://www.fao.org/faostat/en/#data/QC),,1,40,,,,,,,,
farms,3.15E+11,square meters,sugar crops primary cropland,,[United Nations Food and Agriculture Organization (2019)](http://www.fao.org/faostat/en/#data/QC),,1,40,,,,,,,,
farms,2.96E+11,square meters,"groundnuts, with shell cropland",,[United Nations Food and Agriculture Organization (2019)](http://www.fao.org/faostat/en/#data/QC),,1,38,,,,,,,,
farms,2.83E+11,square meters,oil palm fruit cropland,,[United Nations Food and Agriculture Organization (2019)](http://www.fao.org/faostat/en/#data/QC),,1,36,,,,,,,,
farms,2.75E+11,square meters,cassava cropland,,[United Nations Food and Agriculture Organization (2019)](http://www.fao.org/faostat/en/#data/QC),,1,35,,,,,,,,
farms,2.74E+11,square meters,sunflower seed cropland,,[United Nations Food and Agriculture Organization (2019)](http://www.fao.org/faostat/en/#data/QC),,1,35,,,,,,,,
farms,2.68E+11,square meters,sugar cane cropland,,[United Nations Food and Agriculture Organization (2019)](http://www.fao.org/faostat/en/#data/QC),,1,34,,,,,,,,
farms,2.19E+11,square meters,"vegetables, fresh nes cropland",,[United Nations Food and Agriculture Organization (2019)](http://www.fao.org/faostat/en/#data/QC),,1,28,,,,,,,,
farms,1.73E+11,square meters,potatoes cropland,,[United Nations Food and Agriculture Organization (2019)](http://www.fao.org/faostat/en/#data/QC),,1,22,,,,,,,,
farms,1.44E+11,square meters,"cow peas, dry cropland",,[United Nations Food and Agriculture Organization (2019)](http://www.fao.org/faostat/en/#data/QC),,1,18,,,,,,,,
farms,1.40E+11,square meters,"treenuts, total cropland",,[United Nations Food and Agriculture Organization (2019)](http://www.fao.org/faostat/en/#data/QC),,1,18,,,,,,,,
farms,1.37E+11,square meters,chick peas cropland,,[United Nations Food and Agriculture Organization (2019)](http://www.fao.org/faostat/en/#data/QC),,1,18,,,,,,,,
farms,1.28E+11,square meters,sesame seed cropland,,[United Nations Food and Agriculture Organization (2019)](http://www.fao.org/faostat/en/#data/QC),,1,16,,,,,,,,
farms,1.23E+11,square meters,"rubber, natural cropland",,[United Nations Food and Agriculture Organization (2019)](http://www.fao.org/faostat/en/#data/QC),,1,16,,,,,,,,
farms,1.22E+11,square meters,"cocoa, beans cropland",,[United Nations Food and Agriculture Organization (2019)](http://www.fao.org/faostat/en/#data/QC),,1,16,,,,,,,,
farms,1.18E+11,square meters,coconuts cropland,,[United Nations Food and Agriculture Organization (2019)](http://www.fao.org/faostat/en/#data/QC),,1,15,,,,,,,,
farms,1.11E+11,square meters,"coffee, green cropland",,[United Nations Food and Agriculture Organization (2019)](http://www.fao.org/faostat/en/#data/QC),,1,14,,,,,,,,
farms,1.06E+11,square meters,olives cropland,,[United Nations Food and Agriculture Organization (2019)](http://www.fao.org/faostat/en/#data/QC),,1,13,,,,,,,,
farms,9.90E+10,square meters,"citrus fruit, total cropland",,[United Nations Food and Agriculture Organization (2019)](http://www.fao.org/faostat/en/#data/QC),,1,13,,,,,,,,
farms,9.42E+10,square meters,oats cropland,,[United Nations Food and Agriculture Organization (2019)](http://www.fao.org/faostat/en/#data/QC),,1,12,,,,,,,,
farms,8.91E+10,square meters,yams cropland,,[United Nations Food and Agriculture Organization (2019)](http://www.fao.org/faostat/en/#data/QC),,1,11,,,,,,,,
farms,7.77E+10,square meters,sweet potatoes cropland,,[United Nations Food and Agriculture Organization (2019)](http://www.fao.org/faostat/en/#data/QC),,1,9.9,,,,,,,,
farms,7.17E+10,square meters,"peas, dry cropland",,[United Nations Food and Agriculture Organization (2019)](http://www.fao.org/faostat/en/#data/QC),,1,9.1,,,,,,,,
farms,7.09E+10,square meters,"cashew nuts, with shell cropland",,[United Nations Food and Agriculture Organization (2019)](http://www.fao.org/faostat/en/#data/QC),,1,9.0,,,,,,,,
farms,6.93E+10,square meters,grapes cropland,,[United Nations Food and Agriculture Organization (2019)](http://www.fao.org/faostat/en/#data/QC),,1,8.8,,,,,,,,
farms,6.00E+10,square meters,pulses nes cropland,,[United Nations Food and Agriculture Organization (2019)](http://www.fao.org/faostat/en/#data/QC),,1,7.7,,,,,,,,
farms,5.84E+10,square meters,"fruit, fresh nes cropland",,[United Nations Food and Agriculture Organization (2019)](http://www.fao.org/faostat/en/#data/QC),,1,7.5,,,,,,,,
farms,5.71E+10,square meters,plantains and others cropland,,[United Nations Food and Agriculture Organization (2019)](http://www.fao.org/faostat/en/#data/QC),,1,7.3,,,,,,,,
farms,5.62E+10,square meters,pigeon peas cropland,,[United Nations Food and Agriculture Organization (2019)](http://www.fao.org/faostat/en/#data/QC),,1,7.2,,,,,,,,
farms,5.59E+10,square meters,"mangoes, mangosteens, guavas cropland",,[United Nations Food and Agriculture Organization (2019)](http://www.fao.org/faostat/en/#data/QC),,1,7.1,,,,,,,,
farms,5.19E+10,square meters,"onions, dry cropland",,[United Nations Food and Agriculture Organization (2019)](http://www.fao.org/faostat/en/#data/QC),,1,6.6,,,,,,,,
farms,5.16E+10,square meters,bananas cropland,,[United Nations Food and Agriculture Organization (2019)](http://www.fao.org/faostat/en/#data/QC),,1,6.6,,,,,,,,
farms,5.08E+10,square meters,tea cropland,,[United Nations Food and Agriculture Organization (2019)](http://www.fao.org/faostat/en/#data/QC),,1,6.5,,,,,,,,
farms,5.03E+10,square meters,tomatoes cropland,,[United Nations Food and Agriculture Organization (2019)](http://www.fao.org/faostat/en/#data/QC),,1,6.4,,,,,,,,
farms,4.80E+10,square meters,lentils cropland,,[United Nations Food and Agriculture Organization (2019)](http://www.fao.org/faostat/en/#data/QC),,1,6.1,,,,,,,,
farms,4.72E+10,square meters,apples cropland,,[United Nations Food and Agriculture Organization (2019)](http://www.fao.org/faostat/en/#data/QC),,1,6.0,,,,,,,,
farms,4.61E+10,square meters,sugar beet cropland,,[United Nations Food and Agriculture Organization (2019)](http://www.fao.org/faostat/en/#data/QC),,1,5.9,,,,,,,,
farms,4.54E+10,square meters,cereals nes cropland,,[United Nations Food and Agriculture Organization (2019)](http://www.fao.org/faostat/en/#data/QC),,1,5.8,,,,,,,,
farms,4.21E+10,square meters,rye cropland,,[United Nations Food and Agriculture Organization (2019)](http://www.fao.org/faostat/en/#data/QC),,1,5.4,,,,,,,,
farms,4.06E+10,square meters,oranges cropland,,[United Nations Food and Agriculture Organization (2019)](http://www.fao.org/faostat/en/#data/QC),,1,5.2,,,,,,,,
farms,3.81E+10,square meters,triticale cropland,,[United Nations Food and Agriculture Organization (2019)](http://www.fao.org/faostat/en/#data/QC),,1,4.9,,,,,,,,
farms,3.62E+10,square meters,"tobacco, unmanufactured cropland",,[United Nations Food and Agriculture Organization (2019)](http://www.fao.org/faostat/en/#data/QC),,1,4.6,,,,,,,,
farms,3.55E+10,square meters,"fruit, tropical fresh nes cropland",,[United Nations Food and Agriculture Organization (2019)](http://www.fao.org/faostat/en/#data/QC),,1,4.5,,,,,,,,
farms,3.22E+10,square meters,linseed cropland,,[United Nations Food and Agriculture Organization (2019)](http://www.fao.org/faostat/en/#data/QC),,1,4.1,,,,,,,,
farms,3.08E+10,square meters,watermelons cropland,,[United Nations Food and Agriculture Organization (2019)](http://www.fao.org/faostat/en/#data/QC),,1,3.9,,,,,,,,
farms,2.78E+10,square meters,"peas, green cropland",,[United Nations Food and Agriculture Organization (2019)](http://www.fao.org/faostat/en/#data/QC),,1,3.5,,,,,,,,
farms,2.76E+10,square meters,"tangerines, mandarins, clementines, satsumas cropland",,[United Nations Food and Agriculture Organization (2019)](http://www.fao.org/faostat/en/#data/QC),,1,3.5,,,,,,,,
farms,2.73E+10,square meters,okra cropland,,[United Nations Food and Agriculture Organization (2019)](http://www.fao.org/faostat/en/#data/QC),,1,3.5,,,,,,,,
farms,2.73E+10,square meters,plums and sloes cropland,,[United Nations Food and Agriculture Organization (2019)](http://www.fao.org/faostat/en/#data/QC),,1,3.5,,,,,,,,
farms,2.58E+10,square meters,"broad beans, horse beans, dry cropland",,[United Nations Food and Agriculture Organization (2019)](http://www.fao.org/faostat/en/#data/QC),,1,3.3,,,,,,,,
farms,2.45E+10,square meters,cabbages and other brassicas cropland,,[United Nations Food and Agriculture Organization (2019)](http://www.fao.org/faostat/en/#data/QC),,1,3.1,,,,,,,,
farms,2.23E+10,square meters,cucumbers and gherkins cropland,,[United Nations Food and Agriculture Organization (2019)](http://www.fao.org/faostat/en/#data/QC),,1,2.8,,,,,,,,
farms,2.13E+10,square meters,"almonds, with shell cropland",,[United Nations Food and Agriculture Organization (2019)](http://www.fao.org/faostat/en/#data/QC),,1,2.7,,,,,,,,
farms,2.08E+10,square meters,"anise, badian, fennel, coriander cropland",,[United Nations Food and Agriculture Organization (2019)](http://www.fao.org/faostat/en/#data/QC),,1,2.7,,,,,,,,
farms,1.99E+10,square meters,"chillies and peppers, green cropland",,[United Nations Food and Agriculture Organization (2019)](http://www.fao.org/faostat/en/#data/QC),,1,2.5,,,,,,,,
farms,1.96E+10,square meters,taro (cocoyam) cropland,,[United Nations Food and Agriculture Organization (2019)](http://www.fao.org/faostat/en/#data/QC),,1,2.5,,,,,,,,
farms,1.94E+10,square meters,melonseed cropland,,[United Nations Food and Agriculture Organization (2019)](http://www.fao.org/faostat/en/#data/QC),,1,2.5,,,,,,,,
farms,1.85E+10,square meters,eggplants (aubergines) cropland,,[United Nations Food and Agriculture Organization (2019)](http://www.fao.org/faostat/en/#data/QC),,1,2.4,,,,,,,,
farms,1.74E+10,square meters,oilseeds nes cropland,,[United Nations Food and Agriculture Organization (2019)](http://www.fao.org/faostat/en/#data/QC),,1,2.2,,,,,,,,
farms,1.73E+10,square meters,"chillies and peppers, dry cropland",,[United Nations Food and Agriculture Organization (2019)](http://www.fao.org/faostat/en/#data/QC),,1,2.2,,,,,,,,
farms,1.67E+10,square meters,buckwheat cropland,,[United Nations Food and Agriculture Organization (2019)](http://www.fao.org/faostat/en/#data/QC),,1,2.1,,,,,,,,
farms,1.65E+10,square meters,"beans, green cropland",,[United Nations Food and Agriculture Organization (2019)](http://www.fao.org/faostat/en/#data/QC),,1,2.1,,,,,,,,
farms,1.63E+10,square meters,garlic cropland,,[United Nations Food and Agriculture Organization (2019)](http://www.fao.org/faostat/en/#data/QC),,1,2.1,,,,,,,,
farms,1.62E+10,square meters,asparagus cropland,,[United Nations Food and Agriculture Organization (2019)](http://www.fao.org/faostat/en/#data/QC),,1,2.1,,,,,,,,
farms,1.54E+10,square meters,"pumpkins, squash and gourds cropland",,[United Nations Food and Agriculture Organization (2019)](http://www.fao.org/faostat/en/#data/QC),,1,2.0,,,,,,,,
farms,1.53E+10,square meters,peaches and nectarines cropland,,[United Nations Food and Agriculture Organization (2019)](http://www.fao.org/faostat/en/#data/QC),,1,1.9,,,,,,,,
farms,1.51E+10,square meters,"fruit, citrus nes cropland",,[United Nations Food and Agriculture Organization (2019)](http://www.fao.org/faostat/en/#data/QC),,1,1.9,,,,,,,,
farms,1.44E+10,square meters,jute cropland,,[United Nations Food and Agriculture Organization (2019)](http://www.fao.org/faostat/en/#data/QC),,1,1.8,,,,,,,,
farms,1.44E+10,square meters,cauliflowers and broccoli cropland,,[United Nations Food and Agriculture Organization (2019)](http://www.fao.org/faostat/en/#data/QC),,1,1.8,,,,,,,,
farms,1.38E+10,square meters,dates cropland,,[United Nations Food and Agriculture Organization (2019)](http://www.fao.org/faostat/en/#data/QC),,1,1.8,,,,,,,,
farms,1.38E+10,square meters,pears cropland,,[United Nations Food and Agriculture Organization (2019)](http://www.fao.org/faostat/en/#data/QC),,1,1.8,,,,,,,,
farms,1.37E+10,square meters,spices nes cropland,,[United Nations Food and Agriculture Organization (2019)](http://www.fao.org/faostat/en/#data/QC),,1,1.7,,,,,,,,
farms,1.32E+10,square meters,lettuce and chicory cropland,,[United Nations Food and Agriculture Organization (2019)](http://www.fao.org/faostat/en/#data/QC),,1,1.7,,,,,,,,
farms,1.31E+10,square meters,"walnuts, with shell cropland",,[United Nations Food and Agriculture Organization (2019)](http://www.fao.org/faostat/en/#data/QC),,1,1.7,,,,,,,,
farms,1.24E+10,square meters,areca nuts cropland,,[United Nations Food and Agriculture Organization (2019)](http://www.fao.org/faostat/en/#data/QC),,1,1.6,,,,,,,,
farms,1.24E+10,square meters,"grain, mixed cropland",,[United Nations Food and Agriculture Organization (2019)](http://www.fao.org/faostat/en/#data/QC),,1,1.6,,,,,,,,
farms,1.23E+10,square meters,lemons and limes cropland,,[United Nations Food and Agriculture Organization (2019)](http://www.fao.org/faostat/en/#data/QC),,1,1.6,,,,,,,,
farms,1.16E+10,square meters,castor oil seed cropland,,[United Nations Food and Agriculture Organization (2019)](http://www.fao.org/faostat/en/#data/QC),,1,1.5,,,,,,,,
farms,1.13E+10,square meters,carrots and turnips cropland,,[United Nations Food and Agriculture Organization (2019)](http://www.fao.org/faostat/en/#data/QC),,1,1.4,,,,,,,,
farms,1.13E+10,square meters,pineapples cropland,,[United Nations Food and Agriculture Organization (2019)](http://www.fao.org/faostat/en/#data/QC),,1,1.4,,,,,,,,
farms,1.04E+10,square meters,"melons, other (inc.cantaloupes) cropland",,[United Nations Food and Agriculture Organization (2019)](http://www.fao.org/faostat/en/#data/QC),,1,1.3,,,,,,,,
farms,1.03E+10,square meters,pistachios cropland,,[United Nations Food and Agriculture Organization (2019)](http://www.fao.org/faostat/en/#data/QC),,1,1.3,,,,,,,,
farms,1.02E+10,square meters,"maize, green cropland",,[United Nations Food and Agriculture Organization (2019)](http://www.fao.org/faostat/en/#data/QC),,1,1.3,,,,,,,,
farms,1.00E+10,square meters,"hazelnuts, with shell cropland",,[United Nations Food and Agriculture Organization (2019)](http://www.fao.org/faostat/en/#data/QC),,1,1.3,,,,,,,,
farms,9.92E+09,square meters,persimmons cropland,,[United Nations Food and Agriculture Organization (2019)](http://www.fao.org/faostat/en/#data/QC),,1,1.3,,,,,,,,
farms,9.31E+09,square meters,spinach cropland,,[United Nations Food and Agriculture Organization (2019)](http://www.fao.org/faostat/en/#data/QC),,1,1.2,,,,,,,,
farms,9.16E+09,square meters,fonio cropland,,[United Nations Food and Agriculture Organization (2019)](http://www.fao.org/faostat/en/#data/QC),,1,1.2,,,,,,,,
farms,8.87E+09,square meters,lupins cropland,,[United Nations Food and Agriculture Organization (2019)](http://www.fao.org/faostat/en/#data/QC),,1,1.1,,,,,,,,
farms,8.50E+09,square meters,mustard seed cropland,,[United Nations Food and Agriculture Organization (2019)](http://www.fao.org/faostat/en/#data/QC),,1,1.1,,,,,,,,
farms,8.43E+09,square meters,nuts nes cropland,,[United Nations Food and Agriculture Organization (2019)](http://www.fao.org/faostat/en/#data/QC),,1,1.1,,,,,,,,
farms,8.40E+09,square meters,karite nuts (sheanuts) cropland,,[United Nations Food and Agriculture Organization (2019)](http://www.fao.org/faostat/en/#data/QC),,1,1.1,,,,,,,,
farms,7.96E+09,square meters,roots and tubers nes cropland,,[United Nations Food and Agriculture Organization (2019)](http://www.fao.org/faostat/en/#data/QC),,1,1.0,,,,,,,,
farms,7.49E+09,square meters,pepper (piper spp.) cropland,,[United Nations Food and Agriculture Organization (2019)](http://www.fao.org/faostat/en/#data/QC),,1,0.96,,,,,,,,
farms,7.27E+09,square meters,avocados cropland,,[United Nations Food and Agriculture Organization (2019)](http://www.fao.org/faostat/en/#data/QC),,1,0.93,,,,,,,,
farms,6.73E+09,square meters,cloves cropland,,[United Nations Food and Agriculture Organization (2019)](http://www.fao.org/faostat/en/#data/QC),,1,0.86,,,,,,,,
farms,6.53E+09,square meters,safflower seed cropland,,[United Nations Food and Agriculture Organization (2019)](http://www.fao.org/faostat/en/#data/QC),,1,0.83,,,,,,,,
farms,6.30E+09,square meters,kola nuts cropland,,[United Nations Food and Agriculture Organization (2019)](http://www.fao.org/faostat/en/#data/QC),,1,0.80,,,,,,,,
farms,5.96E+09,square meters,chestnut cropland,,[United Nations Food and Agriculture Organization (2019)](http://www.fao.org/faostat/en/#data/QC),,1,0.76,,,,,,,,
farms,5.62E+09,square meters,apricots cropland,,[United Nations Food and Agriculture Organization (2019)](http://www.fao.org/faostat/en/#data/QC),,1,0.72,,,,,,,,
farms,4.94E+09,square meters,cashewapple cropland,,[United Nations Food and Agriculture Organization (2019)](http://www.fao.org/faostat/en/#data/QC),,1,0.63,,,,,,,,
farms,4.63E+09,square meters,papayas cropland,,[United Nations Food and Agriculture Organization (2019)](http://www.fao.org/faostat/en/#data/QC),,1,0.59,,,,,,,,
farms,4.51E+09,square meters,"nutmeg, mace and cardamoms cropland",,[United Nations Food and Agriculture Organization (2019)](http://www.fao.org/faostat/en/#data/QC),,1,0.58,,,,,,,,
farms,4.44E+09,square meters,cherries cropland,,[United Nations Food and Agriculture Organization (2019)](http://www.fao.org/faostat/en/#data/QC),,1,0.57,,,,,,,,
farms,4.28E+09,square meters,tallowtree seed cropland,,[United Nations Food and Agriculture Organization (2019)](http://www.fao.org/faostat/en/#data/QC),,1,0.55,,,,,,,,
farms,4.17E+09,square meters,vetches cropland,,[United Nations Food and Agriculture Organization (2019)](http://www.fao.org/faostat/en/#data/QC),,1,0.53,,,,,,,,
farms,3.96E+09,square meters,strawberries cropland,,[United Nations Food and Agriculture Organization (2019)](http://www.fao.org/faostat/en/#data/QC),,1,0.51,,,,,,,,
farms,3.93E+09,square meters,fibre crops nes cropland,,[United Nations Food and Agriculture Organization (2019)](http://www.fao.org/faostat/en/#data/QC),,1,0.50,,,,,,,,
farms,3.85E+09,square meters,ginger cropland,,[United Nations Food and Agriculture Organization (2019)](http://www.fao.org/faostat/en/#data/QC),,1,0.49,,,,,,,,
farms,3.71E+09,square meters,bambara beans cropland,,[United Nations Food and Agriculture Organization (2019)](http://www.fao.org/faostat/en/#data/QC),,1,0.47,,,,,,,,
farms,3.46E+09,square meters,grapefruit (inc. pomelos) cropland,,[United Nations Food and Agriculture Organization (2019)](http://www.fao.org/faostat/en/#data/QC),,1,0.44,,,,,,,,
farms,3.09E+09,square meters,cinnamon (cannella) cropland,,[United Nations Food and Agriculture Organization (2019)](http://www.fao.org/faostat/en/#data/QC),,1,0.39,,,,,,,,
farms,2.90E+09,square meters,figs cropland,,[United Nations Food and Agriculture Organization (2019)](http://www.fao.org/faostat/en/#data/QC),,1,0.37,,,,,,,,
farms,2.69E+09,square meters,kiwi fruit cropland,,[United Nations Food and Agriculture Organization (2019)](http://www.fao.org/faostat/en/#data/QC),,1,0.34,,,,,,,,
farms,2.65E+09,square meters,mat√© cropland,,[United Nations Food and Agriculture Organization (2019)](http://www.fao.org/faostat/en/#data/QC),,1,0.34,,,,,,,,
farms,2.59E+09,square meters,flax fibre and tow cropland,,[United Nations Food and Agriculture Organization (2019)](http://www.fao.org/faostat/en/#data/QC),,1,0.33,,,,,,,,
farms,2.50E+09,square meters,"vegetables, leguminous nes cropland",,[United Nations Food and Agriculture Organization (2019)](http://www.fao.org/faostat/en/#data/QC),,1,0.32,,,,,,,,
farms,2.39E+09,square meters,cassava leaves cropland,,[United Nations Food and Agriculture Organization (2019)](http://www.fao.org/faostat/en/#data/QC),,1,0.31,,,,,,,,
farms,2.36E+09,square meters,sisal cropland,,[United Nations Food and Agriculture Organization (2019)](http://www.fao.org/faostat/en/#data/QC),,1,0.30,,,,,,,,
farms,2.35E+09,square meters,canary seed cropland,,[United Nations Food and Agriculture Organization (2019)](http://www.fao.org/faostat/en/#data/QC),,1,0.30,,,,,,,,
farms,2.24E+09,square meters,"cherries, sour cropland",,[United Nations Food and Agriculture Organization (2019)](http://www.fao.org/faostat/en/#data/QC),,1,0.29,,,,,,,,
farms,2.20E+09,square meters,"onions, shallots, green cropland",,[United Nations Food and Agriculture Organization (2019)](http://www.fao.org/faostat/en/#data/QC),,1,0.28,,,,,,,,
farms,2.15E+09,square meters,kapok fruit cropland,,[United Nations Food and Agriculture Organization (2019)](http://www.fao.org/faostat/en/#data/QC),,1,0.27,,,,,,,,
farms,1.85E+09,square meters,quinoa cropland,,[United Nations Food and Agriculture Organization (2019)](http://www.fao.org/faostat/en/#data/QC),,1,0.24,,,,,,,,
farms,1.73E+09,square meters,manila fibre (abaca) cropland,,[United Nations Food and Agriculture Organization (2019)](http://www.fao.org/faostat/en/#data/QC),,1,0.22,,,,,,,,
farms,1.46E+09,square meters,string beans cropland,,[United Nations Food and Agriculture Organization (2019)](http://www.fao.org/faostat/en/#data/QC),,1,0.19,,,,,,,,
farms,1.41E+09,square meters,currants cropland,,[United Nations Food and Agriculture Organization (2019)](http://www.fao.org/faostat/en/#data/QC),,1,0.18,,,,,,,,
farms,1.39E+09,square meters,"bastfibres, other cropland",,[United Nations Food and Agriculture Organization (2019)](http://www.fao.org/faostat/en/#data/QC),,1,0.18,,,,,,,,
farms,1.36E+09,square meters,"leeks, other alliaceous vegetables cropland",,[United Nations Food and Agriculture Organization (2019)](http://www.fao.org/faostat/en/#data/QC),,1,0.17,,,,,,,,
farms,1.29E+09,square meters,berries nes cropland,,[United Nations Food and Agriculture Organization (2019)](http://www.fao.org/faostat/en/#data/QC),,1,0.16,,,,,,,,
farms,1.28E+09,square meters,raspberries cropland,,[United Nations Food and Agriculture Organization (2019)](http://www.fao.org/faostat/en/#data/QC),,1,0.16,,,,,,,,
farms,1.26E+09,square meters,tung nuts cropland,,[United Nations Food and Agriculture Organization (2019)](http://www.fao.org/faostat/en/#data/QC),,1,0.16,,,,,,,,
farms,1.23E+09,square meters,artichokes cropland,,[United Nations Food and Agriculture Organization (2019)](http://www.fao.org/faostat/en/#data/QC),,1,0.16,,,,,,,,
farms,1.19E+09,square meters,blueberries cropland,,[United Nations Food and Agriculture Organization (2019)](http://www.fao.org/faostat/en/#data/QC),,1,0.15,,,,,,,,
farms,1.11E+09,square meters,sugar crops nes cropland,,[United Nations Food and Agriculture Organization (2019)](http://www.fao.org/faostat/en/#data/QC),,1,0.14,,,,,,,,
farms,1.04E+09,square meters,mushrooms and truffles cropland,,[United Nations Food and Agriculture Organization (2019)](http://www.fao.org/faostat/en/#data/QC),,1,0.13,,,,,,,,
farms,1.02E+09,square meters,vanilla cropland,,[United Nations Food and Agriculture Organization (2019)](http://www.fao.org/faostat/en/#data/QC),,1,0.13,,,,,,,,
farms,9.96E+08,square meters,hops cropland,,[United Nations Food and Agriculture Organization (2019)](http://www.fao.org/faostat/en/#data/QC),,1,0.13,,,,,,,,
farms,9.37E+08,square meters,quinces cropland,,[United Nations Food and Agriculture Organization (2019)](http://www.fao.org/faostat/en/#data/QC),,1,0.12,,,,,,,,
farms,7.48E+08,square meters,"fruit, stone nes cropland",,[United Nations Food and Agriculture Organization (2019)](http://www.fao.org/faostat/en/#data/QC),,1,0.095,,,,,,,,
farms,6.93E+08,square meters,hemp tow waste cropland,,[United Nations Food and Agriculture Organization (2019)](http://www.fao.org/faostat/en/#data/QC),,1,0.088,,,,,,,,
farms,6.44E+08,square meters,agave fibres nes cropland,,[United Nations Food and Agriculture Organization (2019)](http://www.fao.org/faostat/en/#data/QC),,1,0.082,,,,,,,,
farms,5.61E+08,square meters,poppy seed cropland,,[United Nations Food and Agriculture Organization (2019)](http://www.fao.org/faostat/en/#data/QC),,1,0.072,,,,,,,,
farms,4.14E+08,square meters,cranberries cropland,,[United Nations Food and Agriculture Organization (2019)](http://www.fao.org/faostat/en/#data/QC),,1,0.053,,,,,,,,
farms,4.01E+08,square meters,yautia (cocoyam) cropland,,[United Nations Food and Agriculture Organization (2019)](http://www.fao.org/faostat/en/#data/QC),,1,0.051,,,,,,,,
farms,3.16E+08,square meters,ramie cropland,,[United Nations Food and Agriculture Organization (2019)](http://www.fao.org/faostat/en/#data/QC),,1,0.040,,,,,,,,
farms,2.81E+08,square meters,"pyrethrum, dried cropland",,[United Nations Food and Agriculture Organization (2019)](http://www.fao.org/faostat/en/#data/QC),,1,0.036,,,,,,,,
farms,2.33E+08,square meters,hempseed cropland,,[United Nations Food and Agriculture Organization (2019)](http://www.fao.org/faostat/en/#data/QC),,1,0.030,,,,,,,,
farms,1.65E+08,square meters,"fruit, pome nes cropland",,[United Nations Food and Agriculture Organization (2019)](http://www.fao.org/faostat/en/#data/QC),,1,0.021,,,,,,,,
farms,1.49E+08,square meters,gooseberries cropland,,[United Nations Food and Agriculture Organization (2019)](http://www.fao.org/faostat/en/#data/QC),,1,0.019,,,,,,,,
farms,1.44E+08,square meters,carobs cropland,,[United Nations Food and Agriculture Organization (2019)](http://www.fao.org/faostat/en/#data/QC),,1,0.018,,,,,,,,
farms,1.21E+08,square meters,"brazil nuts, with shell cropland",,[United Nations Food and Agriculture Organization (2019)](http://www.fao.org/faostat/en/#data/QC),,1,0.015,,,,,,,,
farms,2.78E+07,square meters,peppermint cropland,,[United Nations Food and Agriculture Organization (2019)](http://www.fao.org/faostat/en/#data/QC),,1,0.0035,,,,,,,,
farms,1.16E+07,square meters,chicory roots cropland,,[United Nations Food and Agriculture Organization (2019)](http://www.fao.org/faostat/en/#data/QC),,1,0.0015,,,,,,,,
farms,2.98E+06,square meters,jojoba seed cropland,,[United Nations Food and Agriculture Organization (2019)](http://www.fao.org/faostat/en/#data/QC),,1,0.00038,,,,,,,,
farms,0.00E+00,square meters,coir cropland,,[United Nations Food and Agriculture Organization (2019)](http://www.fao.org/faostat/en/#data/QC),,1,#NUM!,,,,,,,,